,City,Lat,Lng,Max Temp (F),Humidity (%),Cloudiness (%),Wind Speed (mph),Country,Date
0,Hobart,-42.8794,147.3294,55.26,96,100,17.27,AU,1666721697
1,Rikitea,-23.1203,-134.9692,72.91,77,70,20.85,PF,1666721697
2,Ushuaia,-54.8,-68.3,47.82,49,0,6.91,AR,1666721698
3,Ilulissat,69.2167,-51.1,28.42,93,75,3.44,GL,1666721698
4,Airai,-8.9266,125.4092,62.26,93,100,1.34,TL,1666721699
5,Ixtapa,20.7,-105.2,84.22,65,20,6.91,MX,1666721699
6,Sitka,57.0531,-135.33,40.89,87,20,4.61,US,1666721700
7,Mataura,-46.1927,168.8643,39.63,88,100,3.02,NZ,1666721701
8,Castro,-24.7911,-50.0119,76.35,47,19,3.67,BR,1666721701
9,Itarema,-2.9248,-39.9167,85.06,58,58,18.19,BR,1666721702
10,Upernavik,72.7868,-56.1549,24.67,95,100,15.05,GL,1666721702
11,Gwadar,25.1216,62.3254,80.22,75,0,9.6,PK,1666721703
12,Codrington,-38.2667,141.9667,57.15,93,100,8.32,AU,1666721704
13,Watertown,42.3709,-71.1828,67.95,93,100,3.44,US,1666721705
14,Vardø,70.3705,31.1107,31.98,74,0,20.71,NO,1666721707
15,Lorengau,-2.0226,147.2712,81.01,73,96,1.52,PG,1666721708
16,Tunceli,39.1083,39.5471,55.02,45,0,2.01,TR,1666721640
17,Krasnogorskoye,52.2953,86.1979,30.18,65,0,2.71,RU,1666721710
18,Cockburn Town,21.4612,-71.1419,80.53,69,100,3.04,TC,1666721711
19,Ahipara,-35.1667,173.1667,53.56,87,78,6.78,NZ,1666721713
20,Nerang,-27.9833,153.3333,71.58,94,60,5.41,AU,1666721613
21,Galich,58.3797,42.3475,30.96,82,25,0.92,RU,1666721714
22,Tuktoyaktuk,69.4541,-133.0374,12.2,92,75,4.61,CA,1666721717
23,Mikhaylovka,50.06,43.2379,38.7,62,6,2.26,RU,1666721536
24,Grand Gaube,-20.0064,57.6608,73.38,68,0,5.99,MU,1666721719
25,Madimba,-10.4,40.3333,73.45,87,2,7.85,TZ,1666721719
26,Wolgast,54.05,13.7667,52.2,87,45,9.71,DE,1666721720
27,Alexandria,31.2156,29.9553,72.39,67,0,10.31,EG,1666721522
28,Tasiilaq,65.6145,-37.6368,33.96,93,100,3.49,GL,1666721722
29,Santa Cruz de la Sierra,-17.8,-63.1667,95.05,38,40,16.11,BO,1666721722
30,Busselton,-33.65,115.3333,50.86,84,4,1.5,AU,1666721723
31,Klaksvík,62.2266,-6.589,50.92,90,96,10.74,FO,1666721724
32,Sur,22.5667,59.5289,80.78,50,0,4.14,OM,1666721724
33,Punta Arenas,-53.15,-70.9167,53.71,54,0,16.11,CL,1666721447
34,Nikolskoye,59.7035,30.7861,37.29,77,97,7.65,RU,1666721726
35,Caconda,-13.7333,15.0667,68.54,70,91,4.16,AO,1666721726
36,Albany,42.6001,-73.9662,70.18,93,100,1.99,US,1666721611
37,Severo-Kuril'sk,50.6789,156.125,37.74,67,39,9.53,RU,1666721728
38,Yangi Marg`ilon,40.4272,71.7189,54.32,87,100,6.91,UZ,1666721732
39,Mar del Plata,-38.0023,-57.5575,78.82,77,0,11.5,AR,1666721732
40,Kangaatsiaq,68.3065,-53.4641,30.24,69,100,16.42,GL,1666721733
41,Santarém,-2.4431,-54.7083,89.73,66,20,5.75,BR,1666721671
42,Clarence Town,-32.5833,151.7833,65.86,90,20,6.15,AU,1666721734
43,Pochutla,15.7432,-96.4661,88.83,70,90,7.92,MX,1666721735
44,Neópolis,-10.32,-36.5794,84.31,58,78,14.43,BR,1666721735
45,Birao,10.2849,22.7882,78.21,34,42,4.79,CF,1666721736
46,Yellowknife,62.456,-114.3525,23.56,86,100,10.36,CA,1666721722
47,Bredasdorp,-34.5322,20.0403,61.74,75,64,11.23,ZA,1666721737
48,Cubará,7.0008,-72.1085,88.72,52,72,5.14,CO,1666721738
49,Puerto Ayacucho,5.6639,-67.6236,89.08,58,84,3.98,VE,1666721739
50,Dikson,73.5069,80.5464,25.63,79,100,7.02,RU,1666721739
51,Chui,-33.6971,-53.4616,69.48,62,1,11.86,UY,1666721740
52,Durazno,-33.4131,-56.5006,78.6,38,25,13.13,UY,1666721704
53,Zyryanka,65.75,150.85,9.91,95,100,8.05,RU,1666721741
54,Constitución,-35.3333,-72.4167,60.57,69,17,8.93,CL,1666721741
55,Kavieng,-2.5744,150.7967,81.81,78,100,6.6,PG,1666721742
56,Torbay,47.6666,-52.7314,63.37,61,20,12.66,CA,1666721742
57,Hermanus,-34.4187,19.2345,59.81,80,56,12.21,ZA,1666721743
58,Plessisville,46.2186,-71.762,70.05,75,59,8.16,CA,1666721744
59,Hithadhoo,-0.6,73.0833,81.27,78,40,11.39,MV,1666721745
60,Ust'-Omchug,61.15,149.6333,1.09,99,98,2.24,RU,1666721746
61,Olafsvik,64.8945,-23.7142,41.47,82,100,25.99,IS,1666721746
62,Esim,4.8699,-2.2405,79.05,82,86,6.62,GH,1666721747
63,Wilmington,34.2257,-77.9447,76.95,72,0,3.44,US,1666721507
64,Ciudad del Carmen,18.6333,-91.8333,86.04,66,0,10.36,MX,1666721747
65,Bayan,46.0833,127.4,45.23,55,48,10.89,CN,1666721748
66,Gorzów Wielkopolski,52.7368,15.2288,55.4,84,84,1.01,PL,1666721748
67,Thompson,55.7435,-97.8558,28.56,86,100,11.5,CA,1666721567
68,Saint-Philippe,-21.3585,55.7679,71.19,81,45,13.69,RE,1666721750
69,Puerto Ayora,-0.7393,-90.3518,76.96,90,92,5.99,EC,1666721751
70,San Isidro,-12.1167,-77.05,73.02,66,100,10.36,PE,1666721751
71,Deputatsky,69.3,139.9,14.4,87,100,10.36,RU,1666721753
72,Mumford,5.2618,-0.759,80.01,83,54,9.46,GH,1666721754
73,Tres Arroyos,-38.3739,-60.2798,78.44,42,100,12.37,AR,1666721754
74,Shingū,33.7333,135.9833,50.52,77,1,6.04,JP,1666721755
75,Aginskoye,51.1,114.53,24.44,59,6,11.25,RU,1666721756
76,Qaanaaq,77.484,-69.3632,22.73,82,100,4.54,GL,1666721756
77,Port Alfred,-33.5906,26.891,63.18,81,96,5.01,ZA,1666721757
78,Port Elizabeth,-33.918,25.5701,64.09,81,20,12.66,ZA,1666721757
79,São Filipe,14.8961,-24.4956,77.83,79,13,6.4,CV,1666721758
80,Kapaa,22.0752,-159.319,80.92,84,40,16.11,US,1666721759
81,Tombouctou,20.0,-3.0,85.96,12,55,8.46,ML,1666721759
82,Sembakung,3.8167,117.25,71.98,98,100,1.74,ID,1666721760
83,Zhezkazgan,47.8043,67.7144,43.38,49,100,7.38,KZ,1666721761
84,Alice Springs,-23.7,133.8833,69.35,64,57,5.75,AU,1666721761
85,Longyearbyen,78.2186,15.6401,17.44,67,20,4.61,SJ,1666721762
86,Paracuru,-3.41,-39.0306,81.1,60,33,15.14,BR,1666721763
87,Yārāda,17.65,83.2667,77.32,94,40,2.3,IN,1666721763
88,Alofi,-19.0595,-169.9187,66.09,88,76,1.14,NU,1666721682
89,Huarmey,-10.0681,-78.1522,69.03,68,69,11.16,PE,1666721764
90,Hedaru,-4.5,37.9,74.7,67,92,4.32,TZ,1666721765
91,Provideniya,64.3833,-173.3,22.12,87,92,12.57,RU,1666721766
92,Saint Paul Harbor,57.79,-152.4072,42.31,75,100,4.61,US,1666721767
93,Leningradskiy,69.3833,178.4167,3.15,90,48,5.08,RU,1666721768
94,Pritzwalk,53.1494,12.1741,51.73,88,17,8.37,DE,1666721768
95,Samarai,-10.6167,150.6667,79.7,70,92,4.79,PG,1666721769
96,Jacareacanga,-6.2222,-57.7528,80.1,76,98,3.69,BR,1666721770
97,Kamenka,51.3223,42.7678,37.49,58,12,2.15,RU,1666721770
98,Ialibu,-6.2821,143.9935,56.25,96,96,2.33,PG,1666721774
99,Palmer,42.1584,-72.3287,70.02,79,75,3.44,US,1666721775
100,Alihe,50.5667,123.7167,34.59,80,100,4.07,CN,1666721776
101,Hofn,64.2539,-15.2082,41.85,83,100,19.26,IS,1666721776
102,Bac Giang,21.2667,106.2,73.47,81,98,2.08,VN,1666721748
103,Cherskiy,68.75,161.3,-4.74,92,43,6.58,RU,1666721777
104,San Clemente,33.427,-117.612,77.79,47,0,1.99,US,1666721711
105,Hilo,19.7297,-155.09,80.11,77,40,5.75,US,1666721589
106,Broome,42.2506,-75.833,72.01,76,100,8.05,US,1666721779
107,Avarua,-21.2078,-159.775,73.45,68,75,8.05,CK,1666721780
108,New Norfolk,-42.7826,147.0587,54.91,86,100,5.01,AU,1666721780
109,Alès,44.1333,4.0833,65.48,77,95,1.07,FR,1666721740
110,Praia,14.9215,-23.5087,81.14,74,75,12.66,CV,1666721566
111,Prince Rupert,54.3161,-130.3201,44.29,91,75,21.85,CA,1666721782
112,Narsaq,60.9167,-46.05,30.42,70,7,3.44,GL,1666721783
113,Kota Kinabalu,5.9749,116.0724,75.18,94,20,5.01,MY,1666721783
114,Boa Vista,2.8197,-60.6733,91.38,55,75,5.75,BR,1666721784
115,Broken Hill,-31.95,141.4333,60.13,71,92,4.41,AU,1666721784
116,San Patricio,28.017,-97.5169,75.16,27,0,14.14,US,1666721785
117,Makakilo City,21.3469,-158.0858,79.12,72,0,17.27,US,1666721636
118,Bafoulabé,13.8065,-10.8321,90.01,32,28,0.58,ML,1666721786
119,Levokumskoye,44.8219,44.6606,48.85,60,10,6.02,RU,1666721787
120,Butaritari,3.0707,172.7902,80.82,78,74,5.61,KI,1666721787
121,Safford,32.834,-109.7076,62.11,35,0,3.44,US,1666721788
122,Berlevåg,70.8578,29.0864,33.8,69,75,11.5,NO,1666721789
123,Vaini,-21.2,-175.2,69.96,68,75,9.22,TO,1666721789
124,Kamiiso,41.8167,140.65,41.58,68,1,4.5,JP,1666721790
125,Eyl,7.9803,49.8164,79.68,75,3,6.93,SO,1666721790
126,Kahului,20.8947,-156.47,82.42,71,20,18.41,US,1666721791
127,Ossora,59.2353,163.0719,26.87,73,13,11.21,RU,1666721791
128,Sistranda,63.7256,8.834,48.16,85,100,11.92,NO,1666721792
129,Pevek,69.7008,170.3133,0.79,92,18,8.23,RU,1666721792
130,Nantucket,41.2835,-70.0995,75.31,89,75,12.66,US,1666721620
131,Khatanga,71.9667,102.5,7.68,95,90,8.77,RU,1666721794
132,Mahébourg,-20.4081,57.7,73.26,73,40,12.66,MU,1666721794
133,Roboré,-18.3333,-59.75,95.09,49,40,0.0,BO,1666721795
134,Dickson,36.077,-87.3878,75.85,68,100,17.27,US,1666721788
135,Kostanay,53.1667,63.5833,34.09,93,100,6.71,KZ,1666721796
136,Usuki,33.1081,131.7878,57.45,71,58,7.47,JP,1666721796
137,Porto Seguro,-16.4497,-39.0647,79.32,78,75,5.75,BR,1666721797
138,Arrondissement de Soissons,49.3333,3.3333,60.42,73,88,8.25,FR,1666721798
139,Kruisfontein,-34.0033,24.7314,61.88,80,92,14.05,ZA,1666721799
140,Grindavik,63.8424,-22.4338,46.35,87,0,10.36,IS,1666721800
141,Nizwá,22.9333,57.5333,79.68,26,0,4.68,OM,1666721801
142,Nago,26.5881,127.9761,67.05,63,96,14.23,JP,1666721802
143,Pineville,31.3224,-92.4343,68.88,50,0,17.27,US,1666721787
144,Balkanabat,39.5108,54.3671,60.96,58,21,7.05,TM,1666721803
145,Saint-Pierre,-21.3393,55.4781,72.91,73,0,5.75,RE,1666721803
146,Salalah,17.0151,54.0924,78.89,57,0,4.61,OM,1666721804
147,Cabo San Lucas,22.8909,-109.9124,85.6,47,20,11.5,MX,1666721762
148,Mareeba,-17.0,145.4333,74.44,92,29,2.71,AU,1666721805
149,Xai-Xai,-25.0519,33.6442,80.8,65,1,11.9,MZ,1666721805
150,Shimokizukuri,40.8061,140.3861,41.54,81,2,3.29,JP,1666721806
151,Lebu,-37.6167,-73.65,58.96,75,97,13.42,CL,1666721807
152,Kozhva,65.1073,57.0459,26.74,94,99,6.15,RU,1666721808
153,Vestmannaeyjar,63.4427,-20.2734,45.59,87,100,5.75,IS,1666721809
154,Norman Wells,65.282,-126.8329,19.44,93,100,2.3,CA,1666721809
155,Basco,20.4487,121.9702,78.31,67,100,24.43,PH,1666721810
156,Kyzyl-Suu,42.3414,78.0056,45.1,50,49,5.55,KG,1666721810
157,Thinadhoo,0.5333,72.9333,82.92,75,42,12.55,MV,1666721811
158,Marzuq,14.4,46.4667,70.52,49,4,4.61,YE,1666721811
159,Batagay,67.6333,134.6333,16.16,96,100,1.39,RU,1666721812
160,Laas,46.6166,10.7002,54.48,89,69,2.42,IT,1666721812
161,Cidreira,-30.1811,-50.2056,69.48,66,34,13.82,BR,1666721813
162,Carnarvon,-24.8667,113.6333,65.12,68,0,24.52,AU,1666721813
163,Zhangye,38.9342,100.4517,47.43,39,16,1.77,CN,1666721814
164,Souillac,-20.5167,57.5167,71.98,73,40,12.66,MU,1666721814
165,Bluff,-46.6,168.3333,44.06,83,100,9.55,NZ,1666721815
166,Paamiut,61.994,-49.6678,32.54,77,31,15.73,GL,1666721815
167,Saint George,37.1041,-113.5841,56.43,38,0,3.0,US,1666721816
168,Faanui,-16.4833,-151.75,79.21,80,100,24.52,PF,1666721817
169,Talgar,43.3027,77.2395,37.56,87,40,4.47,KZ,1666721817
170,Kushmurun,52.4503,64.6311,33.28,79,100,8.23,KZ,1666721818
171,Barrow,71.2906,-156.7887,17.62,86,100,25.32,US,1666721818
172,Galeana,24.8333,-100.0667,64.85,52,63,5.84,MX,1666721820
173,Farmington,36.7281,-108.2187,50.2,35,0,3.0,US,1666721556
174,Arraial do Cabo,-22.9661,-42.0278,76.96,73,40,12.66,BR,1666721821
175,Dingle,10.9995,122.6711,76.41,91,100,4.41,PH,1666721821
176,Acambay,19.9558,-99.8417,70.92,45,91,6.06,MX,1666721822
177,Husavik,66.0449,-17.3389,36.68,88,96,7.83,IS,1666721822
178,Port Macquarie,-31.4333,152.9167,59.9,85,62,7.02,AU,1666721741
179,Kautokeino,69.0125,23.0412,28.04,97,100,5.82,NO,1666721823
180,Ancud,-41.8697,-73.8203,55.9,73,88,15.64,CL,1666721824
181,Coquimbo,-29.9533,-71.3436,60.53,63,75,11.5,CL,1666721824
182,Palana,59.1167,159.9667,31.48,84,100,28.43,RU,1666721825
183,Cape Town,-33.9258,18.4232,64.11,85,20,18.41,ZA,1666721819
184,Tuatapere,-46.1333,167.6833,43.12,90,99,4.03,NZ,1666721826
185,Bambous Virieux,-20.3428,57.7575,73.22,73,40,12.66,MU,1666721827
186,George Town,5.4112,100.3354,78.89,93,20,0.0,MY,1666721530
187,Sioux Lookout,50.1001,-91.917,39.27,65,75,16.11,CA,1666721828
188,Adrar,20.5022,-10.0711,86.45,11,93,9.82,MR,1666721828
189,Tulun,54.5611,100.5792,26.89,59,9,4.81,RU,1666721829
190,Matamoros,25.5333,-103.25,72.1,29,20,8.05,MX,1666721829
191,Gornopravdinsk,60.05,69.9,33.33,77,100,8.03,RU,1666721830
192,Tateyama,34.9833,139.8667,54.1,73,100,27.81,JP,1666721831
193,Makushino,55.2103,67.2442,34.72,97,100,7.31,RU,1666721833
194,Corn Island,12.1694,-83.0418,82.98,72,82,7.18,NI,1666721833
195,Talnakh,69.4865,88.3972,7.92,97,97,2.89,RU,1666721834
196,Kiryat Gat,31.61,34.7642,79.48,39,15,4.56,IL,1666721834
197,Jamestown,42.097,-79.2353,76.59,43,0,9.22,US,1666721835
198,Rocha,-34.4833,-54.3333,73.69,52,14,9.55,UY,1666721836
199,Mudgee,-32.5943,149.5871,57.61,98,71,4.54,AU,1666721836
200,Guisa,20.255,-76.5386,82.81,61,5,6.11,CU,1666721620
201,Dudinka,69.4058,86.1778,-0.9,100,96,3.2,RU,1666721837
202,Dunda,-8.1167,34.25,79.63,35,98,6.33,TZ,1666721837
203,Naze,28.3667,129.4833,70.72,60,66,20.09,JP,1666721838
204,Saskylakh,71.9167,114.0833,-1.75,99,96,4.68,RU,1666721839
205,Tocopilla,-22.092,-70.1979,67.33,58,14,8.84,CL,1666721769
206,East London,-33.0153,27.9116,68.13,67,100,18.77,ZA,1666721839
207,Sault Ste. Marie,46.5168,-84.3333,63.16,61,100,6.91,CA,1666721716
208,Villanueva de la Serena,38.9766,-5.7974,70.88,54,87,4.88,ES,1666721840
209,Buala,-8.145,159.5921,79.23,83,17,4.12,SB,1666721841
210,Waingapu,-9.6567,120.2641,80.33,79,100,1.66,ID,1666721842
211,Białogard,54.007,15.9875,58.75,90,80,8.99,PL,1666721842
212,La Providencia,28.7167,-111.5833,80.2,19,0,8.03,MX,1666721663
213,Andenes,69.3143,16.1194,34.93,80,0,5.75,NO,1666721843
214,Guerrero Negro,27.9769,-114.0611,74.3,33,0,2.51,MX,1666721844
215,Poum,-20.2333,164.0167,75.51,83,78,12.82,NC,1666721845
216,Kuzhener,56.8111,48.9128,29.28,90,92,7.16,RU,1666721846
217,Esperance,-33.8667,121.9,57.24,82,67,11.16,AU,1666721846
218,Hong Kong,22.2855,114.1577,74.32,74,100,15.99,HK,1666721570
219,Kaura Namoda,12.5898,6.5779,86.54,23,76,8.88,NG,1666721848
220,Tazovsky,67.4667,78.7,20.8,93,100,11.65,RU,1666721848
221,Sørland,67.667,12.6934,44.46,65,53,5.95,NO,1666721848
222,Duluth,46.7833,-92.1066,45.07,68,100,18.41,US,1666721619
223,Kaeo,-35.1,173.7833,55.04,85,74,6.6,NZ,1666721849
224,San Policarpo,12.1791,125.5072,81.14,86,99,12.48,PH,1666721850
225,Caravelas,-17.7125,-39.2481,77.27,82,89,5.28,BR,1666721851
226,Ippy,6.2679,21.2247,74.75,76,100,2.3,CF,1666721851
227,Mossamedes,-15.1961,12.1522,68.72,86,37,10.94,AO,1666721771
228,Hūn,29.1268,15.9477,74.98,29,0,9.13,LY,1666721852
229,Forsytheganj,52.6333,29.7333,50.52,98,100,5.03,BY,1666721853
230,Balta,47.9355,29.6198,56.41,81,100,5.66,UA,1666721854
231,Nanortalik,60.1432,-45.2371,35.19,73,7,5.93,GL,1666721855
232,Chapais,49.7834,-74.8492,60.58,71,83,12.1,CA,1666721856
233,Port Hardy,50.6996,-127.4199,44.78,93,75,10.36,CA,1666721715
234,Stepnyak,52.8339,70.7803,32.74,65,100,6.71,KZ,1666721856
235,Ponta do Sol,32.6667,-17.1,74.03,88,65,4.92,PT,1666721857
236,Katsuura,35.1333,140.3,55.4,85,100,27.49,JP,1666721858
237,San Esteban,15.2,-85.75,94.1,53,39,2.42,HN,1666721859
238,Vila Velha,-20.3297,-40.2925,76.95,90,75,8.05,BR,1666721860
239,Bara,10.3744,10.7288,85.41,37,92,4.72,NG,1666721861
240,Tumbes,-3.5667,-80.4414,75.69,72,91,9.89,PE,1666721861
241,Wajid,3.8093,43.2471,80.11,63,96,15.68,SO,1666721862
242,Whitehorse,60.7161,-135.0538,16.57,86,75,4.61,CA,1666721579
243,Bitung,1.4451,125.1824,76.05,82,57,2.68,ID,1666721863
244,Muhafazat Lahij,13.1667,44.5833,77.27,58,9,6.26,YE,1666721863
245,Pangody,65.85,74.4859,23.29,92,100,15.95,RU,1666721864
246,Beringovskiy,63.05,179.3167,23.45,85,100,16.15,RU,1666721865
247,Kanniyākumāri,8.0833,77.5667,79.54,83,40,12.41,IN,1666721865
248,Saldanha,-33.0117,17.9442,61.14,84,78,18.77,ZA,1666721866
249,Bethel,41.3712,-73.414,71.69,89,100,3.44,US,1666721866
250,Coaticook,45.1334,-71.7991,73.36,71,25,10.67,CA,1666721867
251,Half Moon Bay,37.4636,-122.4286,68.92,76,100,11.5,US,1666721868
252,Clyde River,70.4692,-68.5914,3.43,72,0,11.5,CA,1666721868
253,Ciucea,46.95,22.8167,53.44,92,88,6.69,RO,1666721869
254,Yerköy,39.6381,34.4672,56.19,44,0,1.39,TR,1666721869
255,Lüderitz,-26.6481,15.1594,64.38,66,90,17.43,NA,1666721870
256,Qaqortoq,60.7167,-46.0333,33.44,69,8,5.23,GL,1666721871
257,Mayor Pablo Lagerenza,-19.9309,-60.7718,102.67,22,0,9.46,PY,1666721871
258,San Cristobal,7.7669,-72.225,84.38,45,54,4.7,VE,1666721872
259,Sungai Penuh,-2.0833,101.3833,65.17,99,100,1.43,ID,1666721873
260,Pontes e Lacerda,-15.2261,-59.3353,99.81,27,19,4.5,BR,1666721686
261,Nuuk,64.1835,-51.7216,34.41,93,75,4.61,GL,1666721874
262,Hasaki,35.7333,140.8333,53.22,60,100,32.68,JP,1666721874
263,Bloomfield,40.8068,-74.1854,72.07,93,100,4.61,US,1666721873
264,Taunggyi,20.7833,97.0333,60.21,97,43,3.91,MM,1666721875
265,Beloha,-25.1667,45.05,72.36,82,94,5.17,MG,1666721875
266,Lichinga,-13.3128,35.2406,73.72,39,83,4.38,MZ,1666721876
267,Bengkulu,-3.8004,102.2655,74.17,95,100,6.6,ID,1666721695
268,Gáldar,28.147,-15.6502,73.9,77,88,7.49,ES,1666721877
269,Acapulco de Juárez,16.8634,-99.8901,87.62,74,20,4.61,MX,1666721665
270,Karratha,-20.7377,116.8463,73.51,61,0,9.55,AU,1666721877
271,Ivanovka,42.8878,75.085,53.76,54,82,1.07,KG,1666721878
272,Artyom,40.4723,50.333,60.94,59,98,4.61,AZ,1666721878
273,Kalmunai,7.4167,81.8167,78.51,83,80,1.86,LK,1666721880
274,Atuona,-9.8,-139.0333,76.69,74,8,20.69,PF,1666721881
275,Tshikapa,-6.4167,20.8,74.21,86,92,2.17,CD,1666721882
276,Pinar del Río,22.4175,-83.6981,85.17,52,22,3.06,CU,1666721884
277,Puerto Cabezas,14.0351,-83.3888,85.96,74,40,4.61,NI,1666721885
278,College,64.8569,-147.8028,22.21,88,40,9.22,US,1666721886
279,Castlemaine,-37.0667,144.2167,57.99,99,78,2.62,AU,1666721887
280,Nālūt,30.3333,10.85,73.8,22,0,6.06,LY,1666721889
281,Batemans Bay,-35.7167,150.1833,62.1,83,40,5.46,AU,1666721890
282,Dhrāngadhra,22.9833,71.4667,78.67,41,0,6.24,IN,1666721891
283,Kutum,14.2,24.6667,76.28,22,3,9.98,SD,1666721891
284,Lata,40.1629,-8.3327,67.08,83,29,5.01,PT,1666721892
285,Maţāy,28.419,30.7792,73.24,53,75,6.31,EG,1666721777
286,Brae,60.3964,-1.353,51.98,91,95,8.12,GB,1666721894
287,Kieta,-6.2167,155.6333,78.48,85,30,1.34,PG,1666721895
288,Rezina,47.7492,28.9622,57.24,80,100,6.08,MD,1666721897
289,Cururupu,-1.8283,-44.8683,85.53,59,99,7.56,BR,1666721898
290,Kavaratti,10.5669,72.642,82.6,60,40,9.75,IN,1666721898
291,Diego de Almagro,-26.3667,-70.05,74.52,19,3,10.0,CL,1666721899
292,Pisco,-13.7,-76.2167,64.02,75,49,13.44,PE,1666721900
293,Dunedin,-45.8742,170.5036,47.8,80,100,3.91,NZ,1666721901
294,Moose Factory,51.2585,-80.6094,68.0,49,20,20.71,CA,1666721901
295,Puerto Quijarro,-17.7833,-57.7667,104.4,20,0,4.81,BO,1666721902
296,Kisanga,-7.4362,37.7034,79.83,61,44,11.25,TZ,1666721902
297,Dāhānu,19.9667,72.7333,76.6,56,0,0.78,IN,1666721903
298,Daru,-9.0763,143.2092,78.44,82,63,8.34,PG,1666721904
299,Mayo,38.8876,-76.5119,65.1,91,100,0.0,US,1666721905
300,Alzamay,55.5562,98.6644,28.58,56,18,3.56,RU,1666721906
301,Palmares do Sul,-30.2578,-50.5097,72.36,53,0,15.48,BR,1666721906
302,Bilibino,68.0546,166.4372,-15.88,99,13,3.94,RU,1666721908
303,Nakhon Phanom,17.3333,104.4167,70.9,83,86,4.43,TH,1666721909
304,Sola,-13.8833,167.55,78.53,77,2,2.93,VU,1666721910
305,Voh,-20.9667,164.7,71.04,92,93,2.95,NC,1666721910
306,West Bay,19.3667,-81.4167,88.07,69,20,10.36,KY,1666721911
307,Saint-Martin-Boulogne,50.7269,1.6186,58.6,79,86,11.61,FR,1666721912
308,São João da Barra,-21.6403,-41.0511,73.49,76,66,13.89,BR,1666721912
309,Rincon,32.296,-81.2354,76.96,51,40,1.01,US,1666721913
310,Chicama,-7.8447,-79.1469,72.66,58,87,10.09,PE,1666721914
311,Evensk,61.95,159.2333,26.74,83,100,10.74,RU,1666721914
312,Berbera,10.4396,45.0143,84.07,62,25,5.1,SO,1666721915
313,Misratah,32.3754,15.0925,76.44,60,0,8.63,LY,1666721915
314,Colares,38.7992,-9.4469,68.32,91,40,10.36,PT,1666721916
315,Khovd,48.0056,91.6419,22.89,66,48,1.32,MN,1666721917
316,Kumul,42.8,93.45,52.0,37,80,4.16,CN,1666721918
317,Leer,8.3018,30.1418,76.01,79,51,3.89,SS,1666721918
318,Acarí,-15.4311,-74.6158,76.89,47,23,11.1,PE,1666721919
319,Turukhansk,65.8167,87.9833,28.81,97,100,14.79,RU,1666721919
320,Emerald,-23.5333,148.1667,72.1,33,66,10.29,AU,1666721920
321,Antalaha,-14.9003,50.2788,71.2,81,41,4.05,MG,1666721834
322,Oranjemund,-28.55,16.4333,58.77,83,100,15.59,NA,1666721921
323,Kaffrine,14.1059,-15.5508,90.45,48,88,3.09,SN,1666721921
324,Springdale,36.1867,-94.1288,46.51,92,75,23.02,US,1666721922
325,Kirensk,57.7853,108.1119,31.53,64,100,10.47,RU,1666721923
326,Hualmay,-11.0964,-77.6139,67.28,69,33,11.45,PE,1666721924
327,Yulara,-25.2406,130.9889,69.1,30,0,13.73,AU,1666721924
328,Fare,-16.7,-151.0167,79.7,81,100,23.42,PF,1666721926
329,Dali,25.7,100.1833,57.94,96,90,4.09,CN,1666721926
330,Ribeira Grande,38.5167,-28.7,64.78,72,40,11.5,PT,1666721927
331,Kaitangata,-46.2817,169.8464,41.45,80,99,4.38,NZ,1666721927
332,San Andrés,12.5847,-81.7006,87.82,70,40,6.91,CO,1666721928
333,Faya,18.3851,42.4509,64.51,71,20,4.41,SA,1666721929
334,Troitsko-Pechorsk,62.7084,56.1964,28.76,87,92,7.85,RU,1666721929
335,Taltal,-25.4,-70.4833,62.49,66,15,4.63,CL,1666721930
336,Flin Flon,54.7682,-101.865,30.04,80,100,8.05,CA,1666721930
337,Novoagansk,61.9449,76.6625,29.86,85,91,15.59,RU,1666721931
338,Santa Maria,-29.6842,-53.8069,81.68,40,2,8.03,BR,1666721933
339,Hamilton,39.1834,-84.5333,76.64,49,75,18.41,US,1666721716
340,Mount Isa,-20.7333,139.5,73.17,94,75,14.97,AU,1666721934
341,Chokurdakh,70.6333,147.9167,4.5,92,100,3.15,RU,1666721934
342,Wahiawā,21.5028,-158.0236,77.86,75,20,6.91,US,1666721935
343,Vao,-22.6667,167.4833,72.95,77,100,21.34,NC,1666721936
344,Balod,20.73,81.2047,64.13,72,0,3.04,IN,1666721937
345,Vila,42.0304,-8.1588,54.48,89,55,7.76,PT,1666721709
346,St. George's,12.0564,-61.7485,85.68,84,40,6.91,GD,1666721938
347,Westport,41.1415,-73.3579,75.36,92,100,14.97,US,1666721939
348,Aklavik,68.2191,-135.0107,12.2,85,100,3.44,CA,1666721940
349,Lagoa,39.05,-27.9833,62.96,67,71,21.32,PT,1666721940
350,Port-Gentil,-0.7193,8.7815,80.56,89,40,6.91,GA,1666721941
351,Flinders,-34.5833,150.8552,64.26,88,50,4.0,AU,1666721941
352,Davenda,53.5556,119.317,20.23,85,31,3.47,RU,1666721942
353,Mongoumba,3.6415,18.5936,74.39,90,87,1.41,CF,1666721943
354,Moïssala,8.3404,17.7663,76.57,52,83,4.38,TD,1666721943
355,Petawawa,45.9001,-77.3328,60.39,88,100,6.91,CA,1666721945
356,Pacatuba,-3.9842,-38.6203,87.73,60,53,13.69,BR,1666721946
357,Praia da Vitória,38.7333,-27.0667,64.76,82,40,12.71,PT,1666721946
358,Tucumã,-0.1833,-50.05,89.71,54,71,9.22,BR,1666721947
359,São Gabriel da Cachoeira,-0.1303,-67.0892,89.4,66,40,6.91,BR,1666721949
360,San Rafael,-34.6177,-68.3301,80.04,37,35,18.19,AR,1666721950
361,Umm Kaddadah,13.6017,26.6876,83.8,18,1,12.19,SD,1666721951
362,Mahibadhoo,3.7833,72.9667,81.75,79,97,12.35,MV,1666721952
363,Robertsport,6.7533,-11.3686,81.23,79,41,9.73,LR,1666721952
364,Kiama,-34.6833,150.8667,64.45,87,61,1.99,AU,1666721953
365,Isangel,-19.55,169.2667,73.4,84,95,11.68,VU,1666721954
366,Springbok,-29.6643,17.8865,63.25,35,100,4.56,ZA,1666721954
367,Picota,-6.9197,-76.3304,95.95,40,95,0.85,PE,1666721955
368,Taksimo,56.3444,114.8794,18.84,73,66,4.29,RU,1666721956
369,Tilichiki,60.4667,166.1,15.12,82,47,0.76,RU,1666721958
370,Hammerfest,70.6634,23.6821,32.45,69,0,3.44,NO,1666721959
371,Matara,5.9485,80.5353,77.18,87,63,5.21,LK,1666721960
372,Savannah Bight,16.45,-85.85,82.87,73,84,13.42,HN,1666721962
373,Chinsali,-10.5414,32.0816,76.8,39,96,3.22,ZM,1666721963
374,Kralovice,49.9819,13.4875,55.74,75,43,3.96,CZ,1666721964
375,Bratsk,56.1325,101.6142,28.89,55,71,7.09,RU,1666721847
376,Vanavara,60.34,102.2797,28.18,81,100,10.63,RU,1666721965
377,Seoul,37.5683,126.9778,49.44,52,0,2.75,KR,1666721424
378,Bonthe,7.5264,-12.505,80.87,81,92,9.66,SL,1666721966
379,Cayenne,4.9333,-52.3333,91.44,58,40,12.66,GF,1666721967
380,Byron Bay,-28.65,153.6167,68.7,80,49,5.46,AU,1666721968
381,Vanimo,-2.6741,141.3028,78.49,86,86,2.62,PG,1666721968
382,Mombasa,-4.0547,39.6636,75.88,91,97,8.86,KE,1666721969
383,Palu,-0.8917,119.8707,75.24,95,69,2.33,ID,1666721969
384,Viedma,-40.8135,-62.9967,83.46,20,99,12.15,AR,1666721970
385,Bandarbeyla,9.4942,50.8122,78.37,76,2,5.73,SO,1666721971
386,Orašac,44.6289,16.0711,57.69,93,37,0.51,BA,1666721971
387,Soe,-9.8607,124.284,68.22,92,100,1.05,ID,1666721972
388,Yar-Sale,66.8333,70.8333,20.75,96,90,10.33,RU,1666721972
389,Moroni,-11.7022,43.2551,75.2,78,16,3.6,KM,1666721973
390,Kushiro,42.975,144.3747,37.33,74,5,5.61,JP,1666721973
391,Anadyr,64.75,177.4833,9.1,84,100,2.24,RU,1666721974
392,Vestmanna,62.1564,-7.1664,49.12,93,75,9.22,FO,1666721975
393,Monywa,22.1167,95.1333,75.7,91,5,5.61,MM,1666721976
394,Pacific Grove,36.6177,-121.9166,65.64,84,40,4.61,US,1666721866
395,Naryan-Mar,67.6713,53.087,25.05,86,90,8.28,RU,1666721976
396,Beyneu,45.3167,55.2,51.6,78,100,20.67,KZ,1666721977
397,Tezu,27.9167,96.1667,69.57,99,95,2.46,IN,1666721977
398,Nadym,65.5333,72.5167,24.13,87,100,16.73,RU,1666721978
399,Buin,-33.7333,-70.75,73.11,23,18,8.72,CL,1666721978
400,Rupert,42.6191,-113.6772,44.19,70,75,11.5,US,1666721979
401,Olinda,-8.0089,-34.8553,82.13,65,40,10.36,BR,1666721980
402,Isparta Province,38.0,31.0,55.33,41,0,5.01,TR,1666721980
403,Thai Binh,20.45,106.3333,73.29,86,77,5.53,VN,1666721981
404,Sattur,9.3667,77.9333,81.84,71,82,6.04,IN,1666721982
405,Laguna,38.421,-121.4238,71.64,58,0,3.44,US,1666721982
406,Saurimo,-9.6608,20.3916,72.48,66,83,2.57,AO,1666721983
407,Dolores,-36.3132,-57.6792,79.27,40,89,13.82,AR,1666721984
408,Quatre Cocos,-20.2078,57.7625,73.09,73,1,12.08,MU,1666721985
409,Rādhanpur,23.8333,71.6,80.67,45,0,6.24,IN,1666721986
410,Phan Thiet,10.9333,108.1,76.42,90,95,3.51,VN,1666721986
411,Redwater,33.3582,-94.2544,61.43,63,79,15.64,US,1666721716
412,New Castle,41.0037,-80.347,75.72,41,99,9.57,US,1666721820
413,Māgadi,12.9667,77.2333,66.36,70,2,4.97,IN,1666721987
414,Lander,42.833,-108.7307,45.1,47,20,24.16,US,1666721988
415,Skoghall,59.3232,13.4655,48.76,93,100,5.75,SE,1666721990
416,Jiayuguan City,39.8167,98.3,41.9,42,0,5.08,CN,1666721990
417,Dwārka,22.2394,68.9678,80.37,65,0,8.28,IN,1666721991
418,Gayéri,12.6497,0.4931,90.82,26,44,7.9,BF,1666721991
419,Plettenberg Bay,-34.0527,23.3716,59.59,83,97,7.58,ZA,1666721992
420,Tiksi,71.6872,128.8694,17.24,92,100,7.9,RU,1666721993
421,Athabasca,54.7169,-113.2854,34.21,80,100,8.93,CA,1666721994
422,Iqaluit,63.7506,-68.5145,20.93,79,100,19.57,CA,1666721994
423,Pakdasht,35.4752,51.6807,64.4,24,1,1.86,IR,1666721995
424,Srednekolymsk,67.45,153.6833,8.69,95,100,11.56,RU,1666721995
425,Denpasar,-8.65,115.2167,76.71,94,75,5.75,ID,1666721833
426,Gamba,-2.65,10.0,77.67,88,82,7.63,GA,1666721996
427,Idrinskoye,54.3708,92.1358,30.69,59,7,3.27,RU,1666721996
428,Ketchikan,55.3422,-131.6461,43.27,93,100,4.61,US,1666721997
429,Meadow Lake,34.8014,-106.5436,53.91,32,0,7.29,US,1666721998
430,Mountain Home,43.133,-115.6912,44.08,76,20,0.0,US,1666721998
431,Waipawa,-41.4122,175.5153,41.94,85,5,5.99,NZ,1666721999
432,Nemuro,43.3236,145.575,44.67,52,16,4.43,JP,1666721999
433,Geraldton,-28.7667,114.6,50.41,87,0,6.91,AU,1666721999
434,Katobu,-4.9408,122.5276,76.17,92,58,2.44,ID,1666722000
435,Biak,-0.9131,122.8766,77.45,82,85,2.06,ID,1666722001
436,Krasnorechenskiy,44.6265,135.3532,30.85,52,2,1.1,RU,1666722002
437,Manokwari,-0.8667,134.0833,79.11,82,100,5.23,ID,1666722002
438,Marsá Maţrūḩ,31.3525,27.2453,70.93,66,0,6.11,EG,1666721935
439,Sablé-sur-Sarthe,47.8376,-0.3329,62.92,62,100,8.03,FR,1666722004
440,Sibolga,1.7427,98.7792,76.98,89,100,2.57,ID,1666722005
441,San Jose,37.3394,-121.895,69.49,58,20,5.75,US,1666721795
442,Acajutla,13.5928,-89.8275,84.04,70,77,4.56,SV,1666722006
443,Amapá,1.0,-52.0,98.46,29,70,4.54,BR,1666722007
444,Benguela,-12.5763,13.4055,76.87,80,31,8.79,AO,1666722008
445,Aripuanã,-9.1667,-60.6333,74.7,91,100,2.93,BR,1666722008
446,Oistins,13.0667,-59.5333,84.29,74,40,19.57,BB,1666722009
447,Fort Nelson,58.8053,-122.7002,22.59,86,100,4.61,CA,1666721721
448,Mitsamiouli,-11.3847,43.2844,75.7,79,4,12.5,KM,1666722011
449,Florianópolis,-27.6146,-48.5012,74.12,62,40,13.8,BR,1666722011
450,Asău,46.4333,26.4,58.28,91,99,1.23,RO,1666722012
451,Oktyabr'skoye,43.0645,44.7417,39.34,100,46,8.95,RU,1666722013
452,Coyhaique,-45.5752,-72.0662,57.81,62,75,5.75,CL,1666722013
453,Zapolyarnyy,69.4154,30.8136,24.08,84,47,10.27,RU,1666722014
454,Sars,56.5502,57.1366,29.95,93,92,5.21,RU,1666722015
455,Pundaguitan,6.3711,126.1689,82.24,75,100,8.55,PH,1666722017
456,Maniitsoq,65.4167,-52.9,30.78,78,85,5.79,GL,1666722017
457,Ferkessédougou,9.6,-5.2,84.56,44,22,1.99,CI,1666722018
458,Kargat,55.1956,80.2811,30.54,60,12,9.84,RU,1666722018
459,Kudahuvadhoo,2.6708,72.8944,81.57,80,99,11.9,MV,1666722019
460,Raudeberg,61.9875,5.1352,50.86,41,100,8.95,NO,1666722020
461,Ponta Delgada,37.7333,-25.6667,65.5,59,75,12.66,PT,1666722021
462,Kungurtug,50.5994,97.5228,20.12,44,0,1.72,RU,1666722022
463,Sinnamary,5.3833,-52.95,84.74,67,100,9.6,GF,1666722022
464,Luganville,-15.5333,167.1667,76.37,86,27,1.74,VU,1666722023
465,Abu Samrah,35.3029,37.1841,72.86,32,45,8.97,SY,1666722023
466,Isiro,2.7739,27.616,67.53,98,79,3.42,CD,1666722024
467,Ayagoz,47.9714,80.4392,34.63,45,42,5.61,KZ,1666722025
468,Mana,5.6592,-53.7767,82.56,69,99,7.65,GF,1666722026
469,Nome,64.5011,-165.4064,30.27,74,40,20.71,US,1666721795
470,Kilindoni,-7.9139,39.6668,76.93,82,59,12.37,TZ,1666722027
471,Vila Franca do Campo,37.7167,-25.4333,65.19,61,95,13.51,PT,1666722028
472,Talcahuano,-36.7167,-73.1167,58.68,77,75,16.11,CL,1666722029
473,Lipari,38.4674,14.954,69.33,64,58,4.59,IT,1666722029
474,Puerto López,4.0845,-72.956,86.94,60,81,3.06,CO,1666722030
475,Petukhovo,55.0692,67.9019,33.91,98,100,8.7,RU,1666722030
476,Castrovillari,39.8203,16.2123,63.28,51,50,6.22,IT,1666722031
477,Koszalin,54.1944,16.1722,58.68,89,83,10.54,PL,1666722035
478,Kupino,54.3663,77.2981,32.41,50,63,9.35,RU,1666722036
479,Bima,-8.4667,118.7167,77.92,88,87,2.01,ID,1666722036
480,Ust-Nera,64.5667,143.2,14.18,96,100,8.59,RU,1666722037
481,Gayny,60.3071,54.3241,29.73,78,39,6.71,RU,1666722037
482,Virginia Beach,36.8529,-75.978,64.44,92,100,4.61,US,1666721700
483,Erzin,36.9559,36.2,71.01,34,0,6.44,TR,1666722038
484,Kholmogory,64.2229,41.656,30.11,95,16,4.18,RU,1666722039
485,Muros,42.7762,-9.0603,66.83,78,42,20.24,ES,1666722040
486,Jiuquan,39.7432,98.5174,41.65,45,0,2.93,CN,1666722041
487,Pryazha,61.6926,33.6216,25.83,86,28,4.41,RU,1666722041
488,Eureka,40.8021,-124.1637,56.75,87,83,3.0,US,1666721742
489,Aykhal,66.0,111.5,13.68,93,65,16.37,RU,1666722042
490,Tabas,33.5959,56.9244,73.62,28,91,4.61,IR,1666722043
491,Havøysund,70.9963,24.6622,35.83,56,81,7.4,NO,1666722043
492,Hangha,7.9411,-11.14,82.47,70,79,1.28,SL,1666722044
493,Lompoc,34.6391,-120.4579,71.94,71,0,11.5,US,1666722044
494,Marawi,7.9986,124.2928,67.53,94,60,1.48,PH,1666722045
495,Nouadhibou,20.931,-17.0347,73.38,78,0,14.97,MR,1666722045
496,Roseburg,43.2165,-123.3417,54.5,85,100,1.99,US,1666722046
497,Alta Floresta,-9.8756,-56.0861,84.02,65,75,9.22,BR,1666722046
498,Zhigansk,66.7697,123.3711,7.84,93,100,6.24,RU,1666722047
499,Chaozhou,23.6651,116.6379,64.26,78,100,1.57,CN,1666722047
500,Zhob,31.3411,69.4481,66.42,21,0,1.5,PK,1666722048
501,Mūdbidri,13.0833,74.9833,76.62,78,4,3.44,IN,1666722049
502,Rafaela,-31.2503,-61.4867,95.0,17,67,8.01,AR,1666722050
503,Cetate,44.1,23.05,66.15,59,100,12.95,RO,1666722051
504,Murgab,37.4966,61.9714,58.87,72,50,6.91,TM,1666722052
505,Ankang,32.68,109.0172,56.41,97,100,1.14,CN,1666722053
506,Arlit,18.7369,7.3853,87.69,13,0,14.2,NE,1666722054
507,Bonavista,48.6499,-53.1147,53.2,70,3,0.74,CA,1666722054
508,Sangar,63.9242,127.4739,14.34,97,99,1.1,RU,1666722055
509,Kabare,-2.4683,28.8242,64.24,80,95,1.79,CD,1666722055
510,Vicuña,-30.0319,-70.7081,74.77,34,76,9.13,CL,1666721985
511,Paita,-5.0892,-81.1144,69.22,70,99,12.77,PE,1666722056
512,Te Anau,-45.4167,167.7167,46.29,89,96,3.78,NZ,1666722057
513,Yerbogachën,61.2767,108.0108,28.31,81,100,10.65,RU,1666722057
514,Tiarei,-17.5333,-149.3333,80.62,86,96,22.5,PF,1666722058
515,Lindsay,36.203,-119.0882,74.01,32,0,3.44,US,1666722059
516,Inhambane,-23.865,35.3833,77.4,87,27,16.04,MZ,1666722059
517,Makīnsk,52.6292,70.4169,32.9,61,100,6.6,KZ,1666722060
518,Takoradze,4.8845,-1.7554,79.02,85,75,8.63,GH,1666722061
519,Bukoba,-1.3317,31.8122,70.5,63,68,6.06,TZ,1666722061
520,Neiafu,-18.65,-173.9833,72.28,68,75,4.61,TO,1666722064
521,Saint-Augustin,51.226,-58.6502,59.61,58,8,8.25,CA,1666722066
522,Bijie,27.3125,105.2942,59.83,87,72,2.39,CN,1666722066
523,Luga,58.7372,29.8453,38.73,95,100,7.34,RU,1666722067
524,Walvis Bay,-22.9575,14.5053,62.1,82,66,8.05,NA,1666722068
525,Puerto Limón,10.0,-83.0333,87.06,70,0,9.22,CR,1666721834
526,Henties Bay,-22.116,14.2845,59.2,91,32,7.65,NA,1666722069
527,Māndal,25.45,74.5667,73.87,32,0,7.9,IN,1666722070
528,Cochabamba,-17.3895,-66.1568,83.95,22,20,14.97,BO,1666722071
529,Ushtobe,45.2514,77.9838,46.31,61,43,4.99,KZ,1666722072
530,Kunming,25.0389,102.7183,57.13,94,100,11.18,CN,1666721822
531,Talara,-4.5772,-81.2719,69.19,72,100,16.69,PE,1666722073
532,Mount Gambier,-37.8333,140.7667,57.11,94,100,6.91,AU,1666722075
533,Reconquista,-29.15,-59.65,94.71,23,1,11.92,AR,1666721947
534,Vangaindrano,-23.35,47.6,73.18,85,37,8.95,MG,1666722076
535,Saquena,-4.6667,-73.5167,94.39,43,86,2.42,PE,1666722077
536,Erdenet,49.0333,104.0833,16.11,91,6,3.11,MN,1666722079
537,Candelaria,13.9311,121.4233,78.39,94,100,7.7,PH,1666722080
538,Portland,45.5234,-122.6762,54.75,93,100,7.0,US,1666721847
539,Cap Malheureux,-19.9842,57.6142,73.47,68,0,7.0,MU,1666722080
540,Shimoda,34.6667,138.95,55.11,69,55,20.87,JP,1666722081
541,Puerto Carreño,6.189,-67.4859,91.38,52,20,3.44,CO,1666722082
542,Varhaug,58.6147,5.6457,53.15,92,33,5.41,NO,1666722082
543,Rawson,-43.3002,-65.1023,64.29,38,82,11.68,AR,1666722083
544,Fairbanks,64.8378,-147.7164,22.23,89,40,9.22,US,1666721859
545,Memāri,23.2,88.1167,72.41,79,34,3.51,IN,1666722084
546,Pabianice,51.6645,19.3547,55.24,94,40,5.75,PL,1666722085
547,Cuamba,-14.8031,36.5372,84.94,26,71,5.44,MZ,1666722085
548,Verāval,20.9,70.3667,78.66,67,0,8.37,IN,1666722086
549,Remedios,22.4947,-79.5458,86.92,57,0,8.34,CU,1666722087
550,Grande Prairie,55.1667,-118.8027,30.38,80,75,8.05,CA,1666722042
551,Sainte-Anne-des-Monts,49.124,-66.4924,48.07,81,73,0.92,CA,1666722088
552,Bako,5.7833,36.5667,67.08,71,58,4.63,ET,1666722089
553,Vitim,59.4511,112.5578,29.59,90,100,10.22,RU,1666722090
554,Mamou,10.5,-12.0,74.86,83,46,3.38,GN,1666722090
555,Ljungby,56.8332,13.9408,52.21,92,85,9.44,SE,1666722091
556,Mapiripán,2.8892,-72.1256,87.96,54,97,1.7,CO,1666722091
557,Altamira,-3.2033,-52.2064,95.09,46,40,4.61,BR,1666722092
558,Adil'-Yangiyurt,43.5633,46.5846,50.4,58,11,0.87,RU,1666722093
559,Santa Isabel,-23.3156,-46.2214,78.51,52,7,13.62,BR,1666722041
560,Gejiu,23.306,103.1635,50.79,97,69,3.74,CN,1666722093
561,Moyobamba,-6.05,-76.9667,82.2,62,84,4.14,PE,1666722095
562,Tuapse,44.1125,39.0742,55.69,73,92,3.94,RU,1666722095
563,High Level,58.5169,-117.136,28.51,100,75,0.0,CA,1666722096
564,Las Cruces,32.3123,-106.7783,59.34,32,0,4.61,US,1666721803
565,Mosquera,4.7059,-74.2302,68.09,52,40,2.3,CO,1666722096
566,Butembo,0.15,29.2833,58.57,94,86,2.62,CD,1666722097
567,Bilma,18.6853,12.9164,78.31,10,0,8.77,NE,1666722098
568,Ascona,46.1545,8.7733,64.08,100,20,1.14,CH,1666722098
569,Marabu,4.4148,114.0089,75.34,94,40,3.44,MY,1666722099
570,Contamana,-7.3333,-75.0167,99.63,32,99,3.91,PE,1666722099
571,Dārāb,28.7519,54.5444,71.87,20,0,0.81,IR,1666722100
572,Toda Raisingh,26.0252,75.4849,73.8,32,0,6.62,IN,1666722101
573,Pathein,16.7833,94.7333,75.18,92,54,4.43,MM,1666722102
574,Mandalgovi,45.7625,106.2708,21.58,62,1,8.55,MN,1666722103
575,George Town,5.4112,100.3354,78.89,93,20,1.14,MY,1666721910
576,Promyshlennovskiy,55.4833,86.2,27.37,74,9,5.48,RU,1666722091
577,Kang,-23.6752,22.7876,79.99,34,76,7.94,BW,1666722104
578,Pozo Colorado,-23.4923,-58.7972,99.48,22,0,7.92,PY,1666722104
579,Price,39.5994,-110.8107,42.12,45,100,3.44,US,1666722105
580,Maceió,-9.6658,-35.7353,85.44,65,20,18.41,BR,1666721880
581,Port Blair,11.6667,92.75,80.17,82,37,5.79,IN,1666722106
582,Mel'nikovo,56.5558,84.085,29.25,65,7,10.2,RU,1666722094
583,Royan,45.6285,-1.0281,66.78,63,100,6.51,FR,1666722107
584,Galesburg,40.9478,-90.3712,46.78,93,100,12.66,US,1666722107
